{"stats":{"minecraft:used":{"minecraft:netherite_sword":5},"minecraft:picked_up":{"minecraft:arrow":3,"minecraft:bone":1,"minecraft:gunpowder":6},"minecraft:killed":{"minecraft:skeleton":2,"minecraft:spider":2,"minecraft:zombie":2,"minecraft:creeper":4},"minecraft:custom":{"minecraft:open_chest":5,"minecraft:time_since_rest":42365,"minecraft:crouch_one_cm":72,"minecraft:play_time":42365,"minecraft:sprint_one_cm":14557,"minecraft:walk_one_cm":20594,"minecraft:damage_taken":58,"minecraft:sneak_time":48,"minecraft:walk_under_water_one_cm":629,"minecraft:mob_kills":12,"minecraft:jump":367,"minecraft:damage_dealt":1856,"minecraft:leave_game":3,"minecraft:time_since_death":42365,"minecraft:walk_on_water_one_cm":3475,"minecraft:total_world_time":42365,"minecraft:swim_one_cm":91,"minecraft:fall_one_cm":1683,"minecraft:fly_one_cm":92298}},"DataVersion":3465}